input,gic
tr_515,bmi_bmr
tr_544,bmi_mse
tr_546,bmi_mse
tr_562,bmi_mse
tr_512,bmi_mse
tr_513,bmi_mse
ir_18,bmi_mse
ir_5,bmi_mse
ir_6,bmi_mse
tr_543,bmi_pdlm
tr_547,bmi_pdlm
tr_548,bmi_pdlm
tr_549,bmi_pdlm
tr_550,bmi_pdlm
tr_551,bmi_pdlm
tr_509,bmi_pdlm
tr_511,bmi_pdlm
tr_538,bmi_picc
tr_539,bmi_picc
tr_508,bmi_picc
ir_39,bmi_picc
tr_545,bmi_scm
tr_555,bmi_scm
tr_557,bmi_scm
tr_560,bmi_scm
tr_561,bmi_scm
tr_579,bmi_scm
tr_580,bmi_scm
tr_592,bmi_scm
tr_520,bmi_scm
ir_41,bmi_scm
ir_67,bmi_scm
ir_69,bmi_scm
ir_71,bmi_scm
tr_532,e_aq
tr_533,e_aq
tr_534,e_aq
tr_531,e_ei
tr_536,e_ei
tr_537,e_ei
tr_540,e_ei
tr_552,e_ei
ir_15,e_ei
ir_9,e_ei
tr_554,e_em
tr_556,e_em
tr_558,e_em
tr_559,e_em
tr_510,e_em
tr_514,e_em
ir_3,e_em
tr_529,e_ghge
tr_530,e_ghge
tr_503,e_ghge
ir_19,e_ghge
ir_21,e_ghge
ir_25,e_ghge
tr_535,e_whmm
tr_504,e_whmm
tr_505,e_whmm
tr_506,e_whmm
ir_10,e_whmm
ir_12,e_whmm
ir_13,e_whmm
ir_37,e_whmm
ir_38,e_whmm
tr_553,e_wwm
tr_507,e_wwm
tr_516,e_wwm
ir_16,e_wwm
ir_17,e_wwm
tr_501,hc_eedi
tr_575,hc_eedi
tr_576,hc_eedi
tr_577,hc_eedi
tr_578,hc_eedi
tr_591,hc_eedi
tr_518,hc_eedi
tr_519,hc_eedi
tr_526,hc_eedi
tr_527,hc_eedi
ir_101,hc_eedi
ir_40,hc_eedi
ir_42,hc_eedi
ir_52,hc_eedi
ir_74,hc_eedi
tr_588,hc_ehs
tr_589,hc_ehs
tr_590,hc_ehs
tr_521,hc_ehs
tr_522,hc_ehs
tr_523,hc_ehs
ir_54,hc_ehs
ir_56,hc_ehs
ir_58,hc_ehs
tr_585,hc_lp
tr_586,hc_lp
tr_587,hc_lp
tr_517,hc_lp
ir_66,hc_lp
ir_70,hc_lp
ir_75,hc_lp
ir_96,hc_lp
tr_583,lg_be
ir_103,lg_be
ir_104,lg_be
ir_105,lg_be
ir_120,lg_be
ir_121,lg_be
ir_122,lg_be
tr_569,lg_cb
ir_112,lg_cb
ir_119,lg_cb
tr_574,lg_cirm
ir_14,lg_cirm
ir_64,lg_cirm
tr_528,lg_mlre
ir_129,lg_mlre
tr_502,lg_srm
ir_117,lg_srm
tr_567,sc_aa
tr_573,sc_aa
ir_45,sc_aa
ir_47,sc_aa
ir_49,sc_aa
ir_51,sc_aa
ir_53,sc_aa
ir_57,sc_aa
ir_98,sc_aa
tr_564,sc_cp
ir_59,sc_cp
tr_563,sc_cw
tr_565,sc_cw
tr_568,sc_cw
ir_82,sc_cw
ir_61,sc_ds
ir_63,sc_ds
ir_65,sc_ds
tr_570,sc_hrcr
tr_581,sc_hrcr
tr_582,sc_hrcr
tr_584,sc_hrcr
ir_55,sc_hrcr
ir_72,sc_hrcr
ir_86,sc_hrcr
ir_90,sc_hrcr
ir_91,sc_hrcr
ir_92,sc_hrcr
tr_566,sc_pqs
tr_571,sc_pqs
tr_572,sc_pqs
tr_524,sc_pqs
tr_525,sc_pqs
ir_43,sc_pqs
ir_79,sc_pqs
ir_83,sc_pqs
tr_541,sc_sppl
tr_542,sc_sppl
ir_118,sc_sppl
